order_id,date,supplier,supplier_link,image,product_link,price,quantity,total_before_discount,total_after_discount
4243911878910729141,2025-02-25 01:18:50,天津市武清区优艺工艺品厂,https://trade.1688.com/order/buyer_order_list.htm?spm=a360q.8274423.0.0.5dc44c9atl2XRM&tracelog=contact_company,D:/download./1688_files/O1CN01SmLA5t1Bs32FvADiR_!!0-0-cib.80x80.jpg,https://detail.1688.com/offer/824740732914.html,2.40,30,168.00,159.60
4243911878910729141,2025-02-25 01:18:50,天津市武清区优艺工艺品厂,https://trade.1688.com/order/buyer_order_list.htm?spm=a360q.8274423.0.0.5dc44c9atl2XRM&tracelog=contact_company,D:/download./1688_files/O1CN01cWsCNL1Bs2zHuXQrq_!!0-0-cib.80x80.jpg,https://detail.1688.com/offer/824740732914.html,2.40,40,168.00,159.60
4243969479671729141,2025-02-25 01:18:50,天津市武清区臻美人造花厂(个体工商户),https://trade.1688.com/order/buyer_order_list.htm?tracelog=contact_company,D:/download./1688_files/O1CN01YoPALP1Bs324nbqVK_!!0-0-cib.80x80.jpg,https://detail.1688.com/offer/776953878655.html,3.70,20,329.00,293.00
4243969479671729141,2025-02-25 01:18:50,天津市武清区臻美人造花厂(个体工商户),https://trade.1688.com/order/buyer_order_list.htm?tracelog=contact_company,D:/download./1688_files/O1CN01oOlnC01Bs2zfEIVPN_!!0-0-cib.80x80.jpg,https://detail.1688.com/offer/777158831345.html,2.70,30,329.00,293.00
4243969479671729141,2025-02-25 01:18:50,天津市武清区臻美人造花厂(个体工商户),https://trade.1688.com/order/buyer_order_list.htm?tracelog=contact_company,D:/download./1688_files/O1CN015jXp0s1Bs31jXbbTY_!!0-0-cib.80x80.jpg,https://detail.1688.com/offer/839081561337.html,2.70,30,329.00,293.00
4243969479671729141,2025-02-25 01:18:50,天津市武清区臻美人造花厂(个体工商户),https://trade.1688.com/order/buyer_order_list.htm?tracelog=contact_company,D:/download./1688_files/O1CN01ris5yc1Bs31QkkmCJ_!!0-0-cib.80x80.jpg,https://detail.1688.com/offer/854840093131.html,3.50,20,329.00,293.00
4242860389485729141,2025-02-24 14:01:56,义乌宸美线带有限公司,https://trade.1688.com/order/buyer_order_list.htm?tracelog=contact_company,D:/download./1688_files/O1CN01wxStIu1Bs2zemJW5Y_!!0-0-cib.80x80.jpg,https://detail.1688.com/offer/668957857452.html,0.43,1000,430.00,410.00
4243197279589729141,2025-02-24 13:46:24,义乌市嘉姿饰品有限公司,https://trade.1688.com/order/buyer_order_list.htm?tracelog=contact_company,D:/download./1688_files/O1CN01qy5CiG1Bs2zfXd8OB_!!0-0-cib.80x80.jpg,https://detail.1688.com/offer/691475429442.html,3.80,30,,258.00
4243197279589729141,2025-02-24 13:46:24,义乌市嘉姿饰品有限公司,https://trade.1688.com/order/buyer_order_list.htm?tracelog=contact_company,D:/download./1688_files/O1CN01V7w3uR1Bs30abt45c_!!0-0-cib.80x80.jpg,https://detail.1688.com/offer/691475429442.html,4.80,30,,258.00
4242766358000729141,2025-02-24 12:29:16,义乌市欣彩饰品有限公司,https://trade.1688.com/order/buyer_order_list.htm?tracelog=contact_company,D:/download./1688_files/O1CN01KwLDZH1Bs319N10OW_!!0-0-cib.80x80.jpg,https://detail.1688.com/offer/716837880657.html,2.10,30,,66.00
4242959676858729141,2025-02-24 12:29:16,海丰县卡洛歌首饰有限公司,https://trade.1688.com/order/buyer_order_list.htm?tracelog=contact_company,D:/download./1688_files/O1CN01D4OVwC1Bs31cgaLwG_!!0-0-cib.80x80.jpg,https://detail.1688.com/offer/753077765043.html,4.00,50,280.00,270.00
4242959676858729141,2025-02-24 12:29:16,海丰县卡洛歌首饰有限公司,https://trade.1688.com/order/buyer_order_list.htm?tracelog=contact_company,D:/download./1688_files/O1CN01DGJdLb1Bs2zmM8P4i_!!0-0-cib.80x80.jpg,https://detail.1688.com/offer/774747408242.html,4.00,20,280.00,270.00
4243119303373729141,2025-02-24 12:29:16,汕尾市银晶缘珠宝首饰有限公司,https://trade.1688.com/order/buyer_order_list.htm?tracelog=contact_company,D:/download./1688_files/O1CN01amXy5k1Bs32G4ixfE_!!0-0-cib.80x80.jpg,https://detail.1688.com/offer/663080270780.html,4.10,25,107.50,102.38
4243051190244729141,2025-02-24 12:22:09,莆田工艺美术城庆兴珠宝行,https://trade.1688.com/order/buyer_order_list.htm?tracelog=contact_company,D:/download./1688_files/O1CN0108W73P1Bs2zjISCDD_!!0-0-cib.80x80.jpg,https://detail.1688.com/offer/45518814027.html,11.10,25,"1,807.00","1,670.00"
4243051190244729141,2025-02-24 12:22:09,莆田工艺美术城庆兴珠宝行,https://trade.1688.com/order/buyer_order_list.htm?tracelog=contact_company,D:/download./1688_files/O1CN01VxTgkf1Bs323MRl24_!!0-0-cib.80x80.jpg,https://detail.1688.com/offer/542671652590.html,7.90,30,"1,807.00","1,670.00"
4243051190244729141,2025-02-24 12:22:09,莆田工艺美术城庆兴珠宝行,https://trade.1688.com/order/buyer_order_list.htm?tracelog=contact_company,D:/download./1688_files/O1CN01grTrMe1Bs31T2nAMl_!!0-0-cib.80x80.jpg,https://detail.1688.com/offer/543513225017.html,9.50,25,"1,807.00","1,670.00"
4243051190244729141,2025-02-24 12:22:09,莆田工艺美术城庆兴珠宝行,https://trade.1688.com/order/buyer_order_list.htm?tracelog=contact_company,D:/download./1688_files/O1CN01alIr9Y1Bs3183eZkR_!!0-0-cib.80x80.jpg,https://detail.1688.com/offer/550948865263.html,9.80,25,"1,807.00","1,670.00"
4243051190244729141,2025-02-24 12:22:09,莆田工艺美术城庆兴珠宝行,https://trade.1688.com/order/buyer_order_list.htm?tracelog=contact_company,D:/download./1688_files/O1CN01BVgcKG1Bs30zIB8sr_!!0-0-cib.80x80.jpg,https://detail.1688.com/offer/595709695646.html,9.50,25,"1,807.00","1,670.00"
4243051190244729141,2025-02-24 12:22:09,莆田工艺美术城庆兴珠宝行,https://trade.1688.com/order/buyer_order_list.htm?tracelog=contact_company,D:/download./1688_files/O1CN01ahrAiT1Bs31ETipkO_!!0-0-cib.80x80.jpg,https://detail.1688.com/offer/605699749915.html,10.00,20,"1,807.00","1,670.00"
4243051190244729141,2025-02-24 12:22:09,莆田工艺美术城庆兴珠宝行,https://trade.1688.com/order/buyer_order_list.htm?tracelog=contact_company,D:/download./1688_files/O1CN01SOxEMr1Bs32HJm7xX_!!0-0-cib.80x80.jpg,https://detail.1688.com/offer/608666028709.html,9.70,25,"1,807.00","1,670.00"
4243051190244729141,2025-02-24 12:22:09,莆田工艺美术城庆兴珠宝行,https://trade.1688.com/order/buyer_order_list.htm?tracelog=contact_company,D:/download./1688_files/O1CN01FWu25J1Bs2zRRXFxC_!!0-0-cib.80x80.jpg,https://detail.1688.com/offer/687725281675.html,6.50,20,"1,807.00","1,670.00"
4243105911955729141,2025-02-24 12:18:56,海丰县梅陇镇长昇首饰厂,https://trade.1688.com/order/buyer_order_list.htm?tracelog=contact_company,D:/download./1688_files/O1CN01SpQJcS1Bs30GqyMf5_!!0-0-cib.80x80.jpg,https://detail.1688.com/offer/691800924074.html,1.70,20,"1,141.70","1,063.77"
4243105911955729141,2025-02-24 12:18:56,海丰县梅陇镇长昇首饰厂,https://trade.1688.com/order/buyer_order_list.htm?tracelog=contact_company,D:/download./1688_files/O1CN01rJvu0f1Bs314cMH7W_!!0-0-cib.80x80.jpg,https://detail.1688.com/offer/692140285179.html,1.90,20,"1,141.70","1,063.77"
4243105911955729141,2025-02-24 12:18:56,海丰县梅陇镇长昇首饰厂,https://trade.1688.com/order/buyer_order_list.htm?tracelog=contact_company,D:/download./1688_files/O1CN01PI3r5O1Bs30Vx2QtT_!!0-0-cib.80x80.jpg,https://detail.1688.com/offer/692141201789.html,2.80,20,"1,141.70","1,063.77"
4243105911955729141,2025-02-24 12:18:56,海丰县梅陇镇长昇首饰厂,https://trade.1688.com/order/buyer_order_list.htm?tracelog=contact_company,D:/download./1688_files/O1CN01ZfTkVi1Bs324haDLJ_!!0-0-cib.80x80.jpg,https://detail.1688.com/offer/692655583604.html,1.80,20,"1,141.70","1,063.77"
4243105911955729141,2025-02-24 12:18:56,海丰县梅陇镇长昇首饰厂,https://trade.1688.com/order/buyer_order_list.htm?tracelog=contact_company,D:/download./1688_files/O1CN01n0LzVg1Bs30Rh9mgq_!!0-0-cib.80x80.jpg,https://detail.1688.com/offer/693601524564.html,2.30,18,"1,141.70","1,063.77"
4243105911955729141,2025-02-24 12:18:56,海丰县梅陇镇长昇首饰厂,https://trade.1688.com/order/buyer_order_list.htm?tracelog=contact_company,D:/download./1688_files/O1CN01Jy2KFD1Bs31P5cskz_!!0-0-cib.80x80.jpg,https://detail.1688.com/offer/694400772777.html,1.80,16,"1,141.70","1,063.77"
4243105911955729141,2025-02-24 12:18:56,海丰县梅陇镇长昇首饰厂,https://trade.1688.com/order/buyer_order_list.htm?tracelog=contact_company,D:/download./1688_files/O1CN01iq5CMB1Bs31zzvXP9_!!0-0-cib.80x80.jpg,https://detail.1688.com/offer/694719629680.html,1.80,20,"1,141.70","1,063.77"
4243105911955729141,2025-02-24 12:18:56,海丰县梅陇镇长昇首饰厂,https://trade.1688.com/order/buyer_order_list.htm?tracelog=contact_company,D:/download./1688_files/O1CN01eU3gOG1Bs31aC9ViZ_!!0-0-cib.80x80.jpg,https://detail.1688.com/offer/695011179303.html,3.80,20,"1,141.70","1,063.77"
4243105911955729141,2025-02-24 12:18:56,海丰县梅陇镇长昇首饰厂,https://trade.1688.com/order/buyer_order_list.htm?tracelog=contact_company,D:/download./1688_files/O1CN014uJdf71Bs32IJ7IXg_!!0-0-cib.80x80.jpg,https://detail.1688.com/offer/708330429509.html,1.80,20,"1,141.70","1,063.77"
4243105911955729141,2025-02-24 12:18:56,海丰县梅陇镇长昇首饰厂,https://trade.1688.com/order/buyer_order_list.htm?tracelog=contact_company,D:/download./1688_files/O1CN01GW3rwZ1Bs31NhmmKC_!!0-0-cib.80x80.jpg,https://detail.1688.com/offer/718393725602.html,2.80,20,"1,141.70","1,063.77"
4243105911955729141,2025-02-24 12:18:56,海丰县梅陇镇长昇首饰厂,https://trade.1688.com/order/buyer_order_list.htm?tracelog=contact_company,D:/download./1688_files/O1CN01N5QZpA1Bs32BPFyRz_!!0-0-cib.80x80.jpg,https://detail.1688.com/offer/725125982379.html,2.00,20,"1,141.70","1,063.77"
4243105911955729141,2025-02-24 12:18:56,海丰县梅陇镇长昇首饰厂,https://trade.1688.com/order/buyer_order_list.htm?tracelog=contact_company,D:/download./1688_files/O1CN01MDduQ11Bs31qG21I9_!!0-0-cib.80x80.jpg,https://detail.1688.com/offer/725251319822.html,1.80,20,"1,141.70","1,063.77"
4243105911955729141,2025-02-24 12:18:56,海丰县梅陇镇长昇首饰厂,https://trade.1688.com/order/buyer_order_list.htm?tracelog=contact_company,D:/download./1688_files/O1CN015KcxkE1Bs300Kwqmq_!!0-0-cib.80x80.jpg,https://detail.1688.com/offer/734145563613.html,2.80,20,"1,141.70","1,063.77"
4243105911955729141,2025-02-24 12:18:56,海丰县梅陇镇长昇首饰厂,https://trade.1688.com/order/buyer_order_list.htm?tracelog=contact_company,D:/download./1688_files/O1CN01P76Jj81Bs2zofWpyJ_!!0-0-cib.80x80.jpg,https://detail.1688.com/offer/735561221728.html,2.50,19,"1,141.70","1,063.77"
4243105911955729141,2025-02-24 12:18:56,海丰县梅陇镇长昇首饰厂,https://trade.1688.com/order/buyer_order_list.htm?tracelog=contact_company,D:/download./1688_files/O1CN01VEYCWQ1Bs300Zv9Fm_!!0-0-cib.80x80.jpg,https://detail.1688.com/offer/761453390441.html,3.30,20,"1,141.70","1,063.77"
4243105911955729141,2025-02-24 12:18:56,海丰县梅陇镇长昇首饰厂,https://trade.1688.com/order/buyer_order_list.htm?tracelog=contact_company,D:/download./1688_files/O1CN01t2CASA1Bs2zwQtRnQ_!!0-0-cib.80x80.jpg,https://detail.1688.com/offer/780840435166.html,2.80,20,"1,141.70","1,063.77"
4243105911955729141,2025-02-24 12:18:56,海丰县梅陇镇长昇首饰厂,https://trade.1688.com/order/buyer_order_list.htm?tracelog=contact_company,D:/download./1688_files/O1CN016lGV9L1Bs30eJjpeD_!!0-0-cib.80x80.jpg,https://detail.1688.com/offer/789765328351.html,2.30,20,"1,141.70","1,063.77"
4243105911955729141,2025-02-24 12:18:56,海丰县梅陇镇长昇首饰厂,https://trade.1688.com/order/buyer_order_list.htm?tracelog=contact_company,D:/download./1688_files/O1CN01pRhVJa1Bs30codKlX_!!0-0-cib.80x80.jpg,https://detail.1688.com/offer/794820043095.html,2.00,20,"1,141.70","1,063.77"
4243105911955729141,2025-02-24 12:18:56,海丰县梅陇镇长昇首饰厂,https://trade.1688.com/order/buyer_order_list.htm?tracelog=contact_company,D:/download./1688_files/O1CN01NWUbmj1Bs31DoiMjY_!!0-0-cib.80x80.jpg,https://detail.1688.com/offer/794820043095.html,2.00,16,"1,141.70","1,063.77"
4243105911955729141,2025-02-24 12:18:56,海丰县梅陇镇长昇首饰厂,https://trade.1688.com/order/buyer_order_list.htm?tracelog=contact_company,D:/download./1688_files/O1CN01o6OH1R1Bs31Y5o2hj_!!0-0-cib.80x80.jpg,https://detail.1688.com/offer/800672101780.html,2.50,20,"1,141.70","1,063.77"
4243105911955729141,2025-02-24 12:18:56,海丰县梅陇镇长昇首饰厂,https://trade.1688.com/order/buyer_order_list.htm?tracelog=contact_company,D:/download./1688_files/O1CN017aK1EK1Bs31CH739F_!!0-0-cib.80x80.jpg,https://detail.1688.com/offer/800688437119.html,2.50,20,"1,141.70","1,063.77"
4243105911955729141,2025-02-24 12:18:56,海丰县梅陇镇长昇首饰厂,https://trade.1688.com/order/buyer_order_list.htm?tracelog=contact_company,D:/download./1688_files/O1CN01r6Bq5e1Bs31Bj3Y17_!!0-0-cib.80x80.jpg,https://detail.1688.com/offer/800750003875.html,2.50,20,"1,141.70","1,063.77"
4243105911955729141,2025-02-24 12:18:56,海丰县梅陇镇长昇首饰厂,https://trade.1688.com/order/buyer_order_list.htm?tracelog=contact_company,D:/download./1688_files/O1CN017I49Y21Bs31ehGObD_!!0-0-cib.80x80.jpg,https://detail.1688.com/offer/800767235082.html,2.50,20,"1,141.70","1,063.77"
4243105911955729141,2025-02-24 12:18:56,海丰县梅陇镇长昇首饰厂,https://trade.1688.com/order/buyer_order_list.htm?tracelog=contact_company,D:/download./1688_files/O1CN01YbKedW1Bs31jydAzv_!!0-0-cib.80x80.jpg,https://detail.1688.com/offer/808730945320.html,2.80,30,"1,141.70","1,063.77"
4240118162433729141,2025-02-21 18:21:42,义乌市韩爵饰品厂,https://trade.1688.com/order/buyer_order_list.htm?tracelog=contact_company,D:/download./1688_files/O1CN01SUaSHP1Bs2z7Ayrfz_!!0-0-cib.80x80.jpg,https://detail.1688.com/offer/655477834226.html,6.30,20,786.00,700.00
4240118162433729141,2025-02-21 18:21:42,义乌市韩爵饰品厂,https://trade.1688.com/order/buyer_order_list.htm?tracelog=contact_company,D:/download./1688_files/O1CN01wK4JbZ1Bs30u45sOJ_!!0-0-cib.80x80.jpg,https://detail.1688.com/offer/721443872650.html,3.50,30,786.00,700.00
4240118162433729141,2025-02-21 18:21:42,义乌市韩爵饰品厂,https://trade.1688.com/order/buyer_order_list.htm?tracelog=contact_company,D:/download./1688_files/O1CN01vEsHls1Bs3139pyu7_!!0-0-cib.80x80.jpg,https://detail.1688.com/offer/721443872650.html,3.60,30,786.00,700.00
4240118162433729141,2025-02-21 18:21:42,义乌市韩爵饰品厂,https://trade.1688.com/order/buyer_order_list.htm?tracelog=contact_company,D:/download./1688_files/O1CN01Lhihp71Bs30sMO8gX_!!0-0-cib.80x80.jpg,https://detail.1688.com/offer/721443872650.html,3.40,30,786.00,700.00
4240118162433729141,2025-02-21 18:21:42,义乌市韩爵饰品厂,https://trade.1688.com/order/buyer_order_list.htm?tracelog=contact_company,D:/download./1688_files/O1CN01WSNa0Q1Bs31sdrE60_!!0-0-cib.80x80.jpg,https://detail.1688.com/offer/721443872650.html,4.20,30,786.00,700.00
4240118162433729141,2025-02-21 18:21:42,义乌市韩爵饰品厂,https://trade.1688.com/order/buyer_order_list.htm?tracelog=contact_company,D:/download./1688_files/O1CN01uYd7Vl1Bs2zpMcu7L_!!0-0-cib.80x80.jpg,https://detail.1688.com/offer/840045855552.html,3.30,30,786.00,700.00
4240118162433729141,2025-02-21 18:21:42,义乌市韩爵饰品厂,https://trade.1688.com/order/buyer_order_list.htm?tracelog=contact_company,D:/download./1688_files/O1CN01yRpF0H1Bs30uaBv8V_!!0-0-cib.80x80.jpg,https://detail.1688.com/offer/857507565163.html,3.40,20,786.00,700.00
4240118162433729141,2025-02-21 18:21:42,义乌市韩爵饰品厂,https://trade.1688.com/order/buyer_order_list.htm?tracelog=contact_company,D:/download./1688_files/O1CN01nwW1eR1Bs31mis2kD_!!0-0-cib.80x80.jpg,https://detail.1688.com/offer/876233224465.html,2.60,20,786.00,700.00
4240011780220729141,2025-02-21 18:19:13,深圳市宝安区新势力首饰厂,https://trade.1688.com/order/buyer_order_list.htm?tracelog=contact_company,D:/download./1688_files/O1CN01EiokqW1Bs31Q2yiKD_!!0-0-cib.80x80.jpg,https://detail.1688.com/offer/863298023387.html,5.00,30,155.00,147.50
4239715788077729141,2025-02-21 14:11:57,义乌市悦俏服饰有限公司,https://trade.1688.com/order/buyer_order_list.htm?tracelog=contact_company,D:/download./1688_files/O1CN01tt61Lt1Bs2zNRvl4s_!!0-0-cib.80x80.jpg,https://detail.1688.com/offer/816904963251.html,4.80,30,144.00,120.00
4239670284509729141,2025-02-21 13:31:23,义乌市德伟包装有限公司,https://trade.1688.com/order/buyer_order_list.htm?tracelog=contact_company,D:/download./1688_files/O1CN01M9sLUq1Bs304EEiBV_!!0-0-cib.80x80.jpg,https://detail.1688.com/offer/553861192589.html,1.40,50,171.00,154.00
4239670284509729141,2025-02-21 13:31:23,义乌市德伟包装有限公司,https://trade.1688.com/order/buyer_order_list.htm?tracelog=contact_company,D:/download./1688_files/O1CN016rubje1Bs305BF1Hz_!!0-0-cib.80x80.jpg,https://detail.1688.com/offer/553861192589.html,1.40,50,171.00,154.00
4239840891319729141,2025-02-21 13:31:23,阿里巴巴（中国）网络技术有限公司,https://trade.1688.com/order/buyer_order_list.htm?tracelog=contact_company,D:/download./1688_files/O1CN01ppWtd91Bs31eTlDLm_!!0-0-cib.80x80.jpg,https://detail.1688.com/offer/818441128717.html,9.90,1,,9.90
4239486433895729141,2025-02-21 13:20:05,金华市多俊包装有限公司,https://trade.1688.com/order/buyer_order_list.htm?tracelog=contact_company,D:/download./1688_files/O1CN01RNtutF1Bs31hfaoy8_!!0-0-cib.80x80.jpg,https://detail.1688.com/offer/736410028430.html,1.35,50,,150.00
4239486433895729141,2025-02-21 13:20:05,金华市多俊包装有限公司,https://trade.1688.com/order/buyer_order_list.htm?tracelog=contact_company,D:/download./1688_files/O1CN01lC5Ke21Bs2zK6jHKf_!!0-0-cib.80x80.jpg,https://detail.1688.com/offer/736410028430.html,1.35,50,,150.00
4239827499761729141,2025-02-21 13:19:51,阿里巴巴（中国）网络技术有限公司,https://trade.1688.com/order/buyer_order_list.htm?tracelog=contact_company,D:/download./1688_files/O1CN01ppWtd91Bs31eTlDLm_!!0-0-cib.80x80.jpg,https://detail.1688.com/offer/818441128717.html,9.90,1,,9.90
4238735439852729141,2025-02-20 14:44:47,东莞市盛艺饰品有限公司,https://trade.1688.com/order/buyer_order_list.htm?tracelog=contact_company,D:/download./1688_files/O1CN01fK9h4g1Bs2zlhryMJ_!!0-0-cib.80x80.jpg,https://detail.1688.com/offer/776593418045.html,10.90,16,619.20,590.00
4238735439852729141,2025-02-20 14:44:47,东莞市盛艺饰品有限公司,https://trade.1688.com/order/buyer_order_list.htm?tracelog=contact_company,D:/download./1688_files/O1CN013Wc2Og1Bs30piE3O0_!!0-0-cib.80x80.jpg,https://detail.1688.com/offer/850017226872.html,13.90,16,619.20,590.00
4238735439852729141,2025-02-20 14:44:47,东莞市盛艺饰品有限公司,https://trade.1688.com/order/buyer_order_list.htm?tracelog=contact_company,D:/download./1688_files/O1CN01NDCnXt1Bs30qkUkuS_!!0-0-cib.80x80.jpg,https://detail.1688.com/offer/850017226872.html,13.90,16,619.20,590.00
4238738175120729141,2025-02-20 14:44:47,东阳市巧欢饰品有限公司,https://trade.1688.com/order/buyer_order_list.htm?tracelog=contact_company,D:/download./1688_files/O1CN017nh7VL1Bs2z6E0bTe_!!0-0-cib.80x80.jpg,https://detail.1688.com/offer/736640410168.html,10.90,25,"3,665.60","3,470.00"
4238738175120729141,2025-02-20 14:44:47,东阳市巧欢饰品有限公司,https://trade.1688.com/order/buyer_order_list.htm?tracelog=contact_company,D:/download./1688_files/O1CN01FjTxwY1Bs310MQOOT_!!0-0-cib.80x80.jpg,https://detail.1688.com/offer/751733160182.html,12.90,16,"3,665.60","3,470.00"
4238738175120729141,2025-02-20 14:44:47,东阳市巧欢饰品有限公司,https://trade.1688.com/order/buyer_order_list.htm?tracelog=contact_company,D:/download./1688_files/O1CN01wSYARm1Bs315ESEhk_!!0-0-cib.80x80.jpg,https://detail.1688.com/offer/754339680529.html,12.90,20,"3,665.60","3,470.00"
4238738175120729141,2025-02-20 14:44:47,东阳市巧欢饰品有限公司,https://trade.1688.com/order/buyer_order_list.htm?tracelog=contact_company,D:/download./1688_files/O1CN01xHwNK51Bs2zwrnGYb_!!0-0-cib.80x80.jpg,https://detail.1688.com/offer/772165786263.html,9.90,20,"3,665.60","3,470.00"
4238738175120729141,2025-02-20 14:44:47,东阳市巧欢饰品有限公司,https://trade.1688.com/order/buyer_order_list.htm?tracelog=contact_company,D:/download./1688_files/O1CN019ZkcxB1Bs2zzIpqRH_!!0-0-cib.80x80.jpg,https://detail.1688.com/offer/783831451247.html,12.20,25,"3,665.60","3,470.00"
4238738175120729141,2025-02-20 14:44:47,东阳市巧欢饰品有限公司,https://trade.1688.com/order/buyer_order_list.htm?tracelog=contact_company,D:/download./1688_files/O1CN01yvziIz1Bs30uUyp9q_!!0-0-cib.80x80.jpg,https://detail.1688.com/offer/798558394141.html,10.60,16,"3,665.60","3,470.00"
4238738175120729141,2025-02-20 14:44:47,东阳市巧欢饰品有限公司,https://trade.1688.com/order/buyer_order_list.htm?tracelog=contact_company,D:/download./1688_files/O1CN01iIh9EW1Bs31TWjXMR_!!0-0-cib.80x80.jpg,https://detail.1688.com/offer/802389973421.html,10.90,16,"3,665.60","3,470.00"
4238738175120729141,2025-02-20 14:44:47,东阳市巧欢饰品有限公司,https://trade.1688.com/order/buyer_order_list.htm?tracelog=contact_company,D:/download./1688_files/O1CN01Do351u1Bs31Ko6TNk_!!0-0-cib.80x80.jpg,https://detail.1688.com/offer/806451490344.html,13.90,12,"3,665.60","3,470.00"
4238738175120729141,2025-02-20 14:44:47,东阳市巧欢饰品有限公司,https://trade.1688.com/order/buyer_order_list.htm?tracelog=contact_company,D:/download./1688_files/O1CN01VbRdOa1Bs30idOBZ9_!!0-0-cib.80x80.jpg,https://detail.1688.com/offer/820535730579.html,12.90,16,"3,665.60","3,470.00"
4238738175120729141,2025-02-20 14:44:47,东阳市巧欢饰品有限公司,https://trade.1688.com/order/buyer_order_list.htm?tracelog=contact_company,D:/download./1688_files/O1CN01Wn61Iu1Bs321VlBS0_!!0-0-cib.80x80.jpg,https://detail.1688.com/offer/820535730579.html,12.60,16,"3,665.60","3,470.00"
4238738175120729141,2025-02-20 14:44:47,东阳市巧欢饰品有限公司,https://trade.1688.com/order/buyer_order_list.htm?tracelog=contact_company,D:/download./1688_files/O1CN01FofFHz1Bs2zKP0OkH_!!0-0-cib.80x80.jpg,https://detail.1688.com/offer/831765793166.html,12.90,16,"3,665.60","3,470.00"
4238738175120729141,2025-02-20 14:44:47,东阳市巧欢饰品有限公司,https://trade.1688.com/order/buyer_order_list.htm?tracelog=contact_company,D:/download./1688_files/O1CN01dhrMZe1Bs2zy0A6aG_!!0-0-cib.80x80.jpg,https://detail.1688.com/offer/843738745070.html,11.30,25,"3,665.60","3,470.00"
4238738175120729141,2025-02-20 14:44:47,东阳市巧欢饰品有限公司,https://trade.1688.com/order/buyer_order_list.htm?tracelog=contact_company,D:/download./1688_files/O1CN01EA5oON1Bs311MoNby_!!0-0-cib.80x80.jpg,https://detail.1688.com/offer/859164407057.html,19.90,12,"3,665.60","3,470.00"
4238738175120729141,2025-02-20 14:44:47,东阳市巧欢饰品有限公司,https://trade.1688.com/order/buyer_order_list.htm?tracelog=contact_company,D:/download./1688_files/O1CN01RWMYRr1Bs315pYETW_!!0-0-cib.80x80.jpg,https://detail.1688.com/offer/859164407057.html,19.90,16,"3,665.60","3,470.00"
4238738175120729141,2025-02-20 14:44:47,东阳市巧欢饰品有限公司,https://trade.1688.com/order/buyer_order_list.htm?tracelog=contact_company,D:/download./1688_files/O1CN01z8rT9L1Bs31bRty3I_!!0-0-cib.80x80.jpg,https://detail.1688.com/offer/870139929822.html,12.90,16,"3,665.60","3,470.00"
4238738175120729141,2025-02-20 14:44:47,东阳市巧欢饰品有限公司,https://trade.1688.com/order/buyer_order_list.htm?tracelog=contact_company,D:/download./1688_files/O1CN01xoSmqX1Bs323ZWNwR_!!0-0-cib.80x80.jpg,https://detail.1688.com/offer/885064827635.html,15.90,16,"3,665.60","3,470.00"
4237600788301729141,2025-02-19 18:44:31,义乌市韩爵饰品厂,https://trade.1688.com/order/buyer_order_list.htm?tracelog=contact_company,D:/download./1688_files/O1CN01SUaSHP1Bs2z7Ayrfz_!!0-0-cib.80x80.jpg,https://detail.1688.com/offer/655477834226.html,6.30,20,883.20,790.00
4237600788301729141,2025-02-19 18:44:31,义乌市韩爵饰品厂,https://trade.1688.com/order/buyer_order_list.htm?tracelog=contact_company,D:/download./1688_files/O1CN01ugOgo31Bs3272497r_!!0-0-cib.80x80.jpg,https://detail.1688.com/offer/669705343639.html,5.80,20,883.20,790.00
4237600788301729141,2025-02-19 18:44:31,义乌市韩爵饰品厂,https://trade.1688.com/order/buyer_order_list.htm?tracelog=contact_company,D:/download./1688_files/O1CN013VXmPe1Bs31KK0pQw_!!0-0-cib.80x80.jpg,https://detail.1688.com/offer/755824308313.html,4.80,12,883.20,790.00
4237600788301729141,2025-02-19 18:44:31,义乌市韩爵饰品厂,https://trade.1688.com/order/buyer_order_list.htm?tracelog=contact_company,D:/download./1688_files/O1CN015wMYid1Bs2zsic0Ax_!!0-0-cib.80x80.jpg,https://detail.1688.com/offer/781254257128.html,3.00,12,883.20,790.00
4237600788301729141,2025-02-19 18:44:31,义乌市韩爵饰品厂,https://trade.1688.com/order/buyer_order_list.htm?tracelog=contact_company,D:/download./1688_files/O1CN018vr1Ep1Bs2zu8Vyk9_!!0-0-cib.80x80.jpg,https://detail.1688.com/offer/781254257128.html,4.50,12,883.20,790.00
4237600788301729141,2025-02-19 18:44:31,义乌市韩爵饰品厂,https://trade.1688.com/order/buyer_order_list.htm?tracelog=contact_company,D:/download./1688_files/O1CN01Poz4bn1Bs2zAGNVSM_!!0-0-cib.80x80.jpg,https://detail.1688.com/offer/828549849195.html,6.00,16,883.20,790.00
4237600788301729141,2025-02-19 18:44:31,义乌市韩爵饰品厂,https://trade.1688.com/order/buyer_order_list.htm?tracelog=contact_company,D:/download./1688_files/O1CN016qt1jf1Bs2z8hDKG6_!!0-0-cib.80x80.jpg,https://detail.1688.com/offer/828549849195.html,6.20,16,883.20,790.00
4237600788301729141,2025-02-19 18:44:31,义乌市韩爵饰品厂,https://trade.1688.com/order/buyer_order_list.htm?tracelog=contact_company,D:/download./1688_files/O1CN01dsN1ft1Bs2z5HEj72_!!0-0-cib.80x80.jpg,https://detail.1688.com/offer/828549849195.html,4.50,16,883.20,790.00
4237600788301729141,2025-02-19 18:44:31,义乌市韩爵饰品厂,https://trade.1688.com/order/buyer_order_list.htm?tracelog=contact_company,D:/download./1688_files/O1CN01wmbPNZ1Bs2z4awfDI_!!0-0-cib.80x80.jpg,https://detail.1688.com/offer/828549849195.html,3.80,16,883.20,790.00
4237600788301729141,2025-02-19 18:44:31,义乌市韩爵饰品厂,https://trade.1688.com/order/buyer_order_list.htm?tracelog=contact_company,D:/download./1688_files/O1CN01LKrdtk1Bs2z6wj2Mi_!!0-0-cib.80x80.jpg,https://detail.1688.com/offer/828549849195.html,4.90,12,883.20,790.00
4237600788301729141,2025-02-19 18:44:31,义乌市韩爵饰品厂,https://trade.1688.com/order/buyer_order_list.htm?tracelog=contact_company,D:/download./1688_files/O1CN01PqT0Ga1Bs2z8hGXo4_!!0-0-cib.80x80.jpg,https://detail.1688.com/offer/828549849195.html,4.90,12,883.20,790.00
4237600788301729141,2025-02-19 18:44:31,义乌市韩爵饰品厂,https://trade.1688.com/order/buyer_order_list.htm?tracelog=contact_company,D:/download./1688_files/O1CN01TNm1KR1Bs31huUKT5_!!0-0-cib.80x80.jpg,https://detail.1688.com/offer/872945241518.html,4.00,12,883.20,790.00
4236997105124729141,2025-02-19 12:53:19,义乌市莘选电子商务有限公司,https://trade.1688.com/order/buyer_order_list.htm?tracelog=contact_company,D:/download./1688_files/O1CN01dMFerl1Bs2zJrNrXe_!!0-0-cib.80x80.jpg,https://detail.1688.com/offer/683848903175.html,3.50,12,580.00,545.00
4236997105124729141,2025-02-19 12:53:19,义乌市莘选电子商务有限公司,https://trade.1688.com/order/buyer_order_list.htm?tracelog=contact_company,D:/download./1688_files/O1CN01fOVfeH1Bs323LVOpc_!!0-0-cib.80x80.jpg,https://detail.1688.com/offer/732340533912.html,8.00,16,580.00,545.00
4236997105124729141,2025-02-19 12:53:19,义乌市莘选电子商务有限公司,https://trade.1688.com/order/buyer_order_list.htm?tracelog=contact_company,D:/download./1688_files/O1CN01Ynjsg51Bs31z8m5Zy_!!0-0-cib.80x80.jpg,https://detail.1688.com/offer/732340533912.html,8.00,16,580.00,545.00
4236997105124729141,2025-02-19 12:53:19,义乌市莘选电子商务有限公司,https://trade.1688.com/order/buyer_order_list.htm?tracelog=contact_company,D:/download./1688_files/O1CN01tOPCZP1Bs30HeGjBe_!!0-0-cib.80x80.jpg,https://detail.1688.com/offer/744003959829.html,3.80,16,580.00,545.00
4236997105124729141,2025-02-19 12:53:19,义乌市莘选电子商务有限公司,https://trade.1688.com/order/buyer_order_list.htm?tracelog=contact_company,D:/download./1688_files/O1CN01K1Jmuy1Bs30BuG76N_!!0-0-cib.80x80.jpg,https://detail.1688.com/offer/786209480485.html,4.00,16,580.00,545.00
4236997105124729141,2025-02-19 12:53:19,义乌市莘选电子商务有限公司,https://trade.1688.com/order/buyer_order_list.htm?tracelog=contact_company,D:/download./1688_files/O1CN01kbfBTL1Bs31jBGMZ5_!!0-0-cib.80x80.jpg,https://detail.1688.com/offer/813499706079.html,4.50,12,580.00,545.00
4236997105124729141,2025-02-19 12:53:19,义乌市莘选电子商务有限公司,https://trade.1688.com/order/buyer_order_list.htm?tracelog=contact_company,D:/download./1688_files/O1CN01qQSetM1Bs30pEYTzi_!!0-0-cib.80x80.jpg,https://detail.1688.com/offer/855858229510.html,8.60,12,580.00,545.00
4237156368212729141,2025-02-19 12:53:19,乐清市芯之萌饰品商行,https://trade.1688.com/order/buyer_order_list.htm?tracelog=contact_company,D:/download./1688_files/O1CN01D9Gjuq1Bs31oQKlUL_!!0-0-cib.80x80.jpg,https://detail.1688.com/offer/679329288835.html,9.20,12,390.40,370.88
4237156368212729141,2025-02-19 12:53:19,乐清市芯之萌饰品商行,https://trade.1688.com/order/buyer_order_list.htm?tracelog=contact_company,D:/download./1688_files/O1CN01ERzrW81Bs2zaMRMbK_!!0-0-cib.80x80.jpg,https://detail.1688.com/offer/706558685019.html,7.00,16,390.40,370.88
4237156368212729141,2025-02-19 12:53:19,乐清市芯之萌饰品商行,https://trade.1688.com/order/buyer_order_list.htm?tracelog=contact_company,D:/download./1688_files/O1CN01AID7131Bs30Eitzwn_!!0-0-cib.80x80.jpg,https://detail.1688.com/offer/706558685019.html,7.00,12,390.40,370.88
4237156368212729141,2025-02-19 12:53:19,乐清市芯之萌饰品商行,https://trade.1688.com/order/buyer_order_list.htm?tracelog=contact_company,D:/download./1688_files/O1CN01PKgepW1Bs308BpwfB_!!0-0-cib.80x80.jpg,https://detail.1688.com/offer/706558685019.html,7.00,12,390.40,370.88
4237265774905729141,2025-02-19 12:53:19,义乌市谦谦饰品有限公司,https://trade.1688.com/order/buyer_order_list.htm?tracelog=contact_company,D:/download./1688_files/O1CN01dQBXqC1Bs319JztrJ_!!0-0-cib.80x80.jpg,https://detail.1688.com/offer/694836185176.html,3.80,12,825.60,784.00
4237265774905729141,2025-02-19 12:53:19,义乌市谦谦饰品有限公司,https://trade.1688.com/order/buyer_order_list.htm?tracelog=contact_company,D:/download./1688_files/O1CN01xTAamN1Bs30R1NK6x_!!0-0-cib.80x80.jpg,https://detail.1688.com/offer/745804578694.html,8.80,12,825.60,784.00
4237265774905729141,2025-02-19 12:53:19,义乌市谦谦饰品有限公司,https://trade.1688.com/order/buyer_order_list.htm?tracelog=contact_company,D:/download./1688_files/O1CN01L6Tk851Bs31aRtp79_!!0-0-cib.80x80.jpg,https://detail.1688.com/offer/760114688187.html,16.80,12,825.60,784.00
4237265774905729141,2025-02-19 12:53:19,义乌市谦谦饰品有限公司,https://trade.1688.com/order/buyer_order_list.htm?tracelog=contact_company,D:/download./1688_files/O1CN0130V6rI1Bs2zmiG9zN_!!0-0-cib.80x80.jpg,https://detail.1688.com/offer/779215322674.html,12.00,12,825.60,784.00
4237265774905729141,2025-02-19 12:53:19,义乌市谦谦饰品有限公司,https://trade.1688.com/order/buyer_order_list.htm?tracelog=contact_company,D:/download./1688_files/O1CN01gO8HS31Bs31qPiY61_!!0-0-cib.80x80.jpg,https://detail.1688.com/offer/814905643281.html,5.80,12,825.60,784.00
4237265774905729141,2025-02-19 12:53:19,义乌市谦谦饰品有限公司,https://trade.1688.com/order/buyer_order_list.htm?tracelog=contact_company,D:/download./1688_files/O1CN01loOFea1Bs316MrgxS_!!0-0-cib.80x80.jpg,https://detail.1688.com/offer/859007858781.html,10.80,12,825.60,784.00
4237265774905729141,2025-02-19 12:53:19,义乌市谦谦饰品有限公司,https://trade.1688.com/order/buyer_order_list.htm?tracelog=contact_company,D:/download./1688_files/O1CN0103nJlW1Bs313F2KMu_!!0-0-cib.80x80.jpg,https://detail.1688.com/offer/859007858781.html,10.80,12,825.60,784.00
4236806882536729141,2025-02-18 23:35:25,汕头市潮南区司马浦红之园工艺品厂,https://trade.1688.com/order/buyer_order_list.htm?tracelog=contact_company,D:/download./1688_files/O1CN01E5butF1Bs310Arr96_!!0-0-cib.80x80.jpg,https://detail.1688.com/offer/855277158765.html,4.00,30,,130.00
4236807386294729141,2025-02-18 23:35:25,义乌市雅琳工艺品有限公司,https://trade.1688.com/order/buyer_order_list.htm?tracelog=contact_company,D:/download./1688_files/O1CN01J5tUaN1Bs31ztrvRi_!!0-0-cib.80x80.jpg,https://detail.1688.com/offer/821290099106.html,2.50,20,,500.00
4236807386294729141,2025-02-18 23:35:25,义乌市雅琳工艺品有限公司,https://trade.1688.com/order/buyer_order_list.htm?tracelog=contact_company,D:/download./1688_files/O1CN01JrdHj61Bs320rZ7hm_!!0-0-cib.80x80.jpg,https://detail.1688.com/offer/821290099106.html,2.50,20,,500.00
4236807386294729141,2025-02-18 23:35:25,义乌市雅琳工艺品有限公司,https://trade.1688.com/order/buyer_order_list.htm?tracelog=contact_company,D:/download./1688_files/O1CN01fnyxS41Bs31ztpued_!!0-0-cib.80x80.jpg,https://detail.1688.com/offer/821290099106.html,2.50,50,,500.00
4236807386294729141,2025-02-18 23:35:25,义乌市雅琳工艺品有限公司,https://trade.1688.com/order/buyer_order_list.htm?tracelog=contact_company,D:/download./1688_files/O1CN01fWqWUu1Bs325vbVA2_!!0-0-cib.80x80.jpg,https://detail.1688.com/offer/821290099106.html,2.50,30,,500.00
4236807386294729141,2025-02-18 23:35:25,义乌市雅琳工艺品有限公司,https://trade.1688.com/order/buyer_order_list.htm?tracelog=contact_company,D:/download./1688_files/O1CN01nWJLbp1Bs32CwyuWk_!!0-0-cib.80x80.jpg,https://detail.1688.com/offer/821290099106.html,2.50,30,,500.00
4236807386294729141,2025-02-18 23:35:25,义乌市雅琳工艺品有限公司,https://trade.1688.com/order/buyer_order_list.htm?tracelog=contact_company,D:/download./1688_files/O1CN01csquqj1Bs321CS1Bl_!!0-0-cib.80x80.jpg,https://detail.1688.com/offer/821290099106.html,2.50,50,,500.00
4236807638347729141,2025-02-18 23:35:25,义乌市康信工艺品有限公司,https://trade.1688.com/order/buyer_order_list.htm?tracelog=contact_company,D:/download./1688_files/O1CN01ikhym61Bs31mn6Tu1_!!0-0-cib.80x80.jpg,https://detail.1688.com/offer/745565760592.html,4.00,50,500.00,475.00
4236807638347729141,2025-02-18 23:35:25,义乌市康信工艺品有限公司,https://trade.1688.com/order/buyer_order_list.htm?tracelog=contact_company,D:/download./1688_files/O1CN01MU6Rw01Bs31oIItJK_!!0-0-cib.80x80.jpg,https://detail.1688.com/offer/745565760592.html,4.00,40,500.00,475.00
4236807638347729141,2025-02-18 23:35:25,义乌市康信工艺品有限公司,https://trade.1688.com/order/buyer_order_list.htm?tracelog=contact_company,D:/download./1688_files/O1CN01n6aYyX1Bs31mqo59U_!!0-0-cib.80x80.jpg,https://detail.1688.com/offer/745565760592.html,4.00,30,500.00,475.00
4235108582702729141,2025-02-17 15:11:56,通海县小伍花卉经营部,https://trade.1688.com/order/buyer_order_list.htm?tracelog=contact_company,D:/download./1688_files/O1CN01juVAUU1Bs303DJ26g_!!0-0-cib.80x80.jpg,https://detail.1688.com/offer/713646073630.html,1.40,30,,154.00
4235108582702729141,2025-02-17 15:11:56,通海县小伍花卉经营部,https://trade.1688.com/order/buyer_order_list.htm?tracelog=contact_company,D:/download./1688_files/O1CN018LK1ed1Bs303Ba8om_!!0-0-cib.80x80.jpg,https://detail.1688.com/offer/713646073630.html,1.40,50,,154.00
4235108582702729141,2025-02-17 15:11:56,通海县小伍花卉经营部,https://trade.1688.com/order/buyer_order_list.htm?tracelog=contact_company,D:/download./1688_files/O1CN01hE2zOA1Bs30F6CE1E_!!0-0-cib.80x80.jpg,https://detail.1688.com/offer/713646073630.html,1.40,30,,154.00
4234994606489729141,2025-02-17 13:21:52,高阳县涵帅纺织品店,https://trade.1688.com/order/buyer_order_list.htm?tracelog=contact_company,D:/download./1688_files/O1CN01EOq7Jx1Bs30yMY4Hv_!!0-0-cib.80x80.jpg,https://detail.1688.com/offer/720727492226.html,0.55,400,230.00,208.00
4233037573176729141,2025-02-15 18:46:07,义乌市即爱电子商务商行,https://trade.1688.com/order/buyer_order_list.htm?tracelog=contact_company,D:/download./1688_files/O1CN01Exi4Xv1Bs2yyTeZ9n_!!0-0-cib.80x80.jpg,https://detail.1688.com/offer/756020098859.html,0.65,1,7.30,7.24
4233037573176729141,2025-02-15 18:46:07,义乌市即爱电子商务商行,https://trade.1688.com/order/buyer_order_list.htm?tracelog=contact_company,D:/download./1688_files/O1CN01CZiiud1Bs2yy9DGnT_!!0-0-cib.80x80.jpg,https://detail.1688.com/offer/756020098859.html,0.65,1,7.30,7.24
4233372699560729141,2025-02-15 18:44:17,义乌市旗佑电子商务有限公司,https://trade.1688.com/order/buyer_order_list.htm?tracelog=contact_company,D:/download./1688_files/O1CN01U3BJ6i1Bs2zO8reli_!!0-0-cib.80x80.jpg,https://detail.1688.com/offer/708135749760.html,1.85,20,812.16,656.09
4233372699560729141,2025-02-15 18:44:17,义乌市旗佑电子商务有限公司,https://trade.1688.com/order/buyer_order_list.htm?tracelog=contact_company,D:/download./1688_files/O1CN012TheQP1Bs30TeU1Bh_!!0-0-cib.80x80.jpg,https://detail.1688.com/offer/712258308419.html,1.50,16,812.16,656.09
4233372699560729141,2025-02-15 18:44:17,义乌市旗佑电子商务有限公司,https://trade.1688.com/order/buyer_order_list.htm?tracelog=contact_company,D:/download./1688_files/O1CN01o3vdyP1Bs30RLbkKu_!!0-0-cib.80x80.jpg,https://detail.1688.com/offer/712258308419.html,1.50,20,812.16,656.09
4233372699560729141,2025-02-15 18:44:17,义乌市旗佑电子商务有限公司,https://trade.1688.com/order/buyer_order_list.htm?tracelog=contact_company,D:/download./1688_files/O1CN01j54AtB1Bs2z5dfw9Z_!!0-0-cib.80x80.jpg,https://detail.1688.com/offer/712393257415.html,1.59,16,812.16,656.09
4233372699560729141,2025-02-15 18:44:17,义乌市旗佑电子商务有限公司,https://trade.1688.com/order/buyer_order_list.htm?tracelog=contact_company,D:/download./1688_files/O1CN01jSGEQu1Bs2z5dCA2V_!!0-0-cib.80x80.jpg,https://detail.1688.com/offer/712393257415.html,1.59,20,812.16,656.09
4233372699560729141,2025-02-15 18:44:17,义乌市旗佑电子商务有限公司,https://trade.1688.com/order/buyer_order_list.htm?tracelog=contact_company,D:/download./1688_files/O1CN01PZYzMz1Bs30WzffVL_!!0-0-cib.80x80.jpg,https://detail.1688.com/offer/718490498725.html,1.69,16,812.16,656.09
4233372699560729141,2025-02-15 18:44:17,义乌市旗佑电子商务有限公司,https://trade.1688.com/order/buyer_order_list.htm?tracelog=contact_company,D:/download./1688_files/O1CN01nyoL1A1Bs30auL95I_!!0-0-cib.80x80.jpg,https://detail.1688.com/offer/718490498725.html,1.69,20,812.16,656.09
4233372699560729141,2025-02-15 18:44:17,义乌市旗佑电子商务有限公司,https://trade.1688.com/order/buyer_order_list.htm?tracelog=contact_company,D:/download./1688_files/O1CN01PK4HEq1Bs2zJjpNI5_!!0-0-cib.80x80.jpg,https://detail.1688.com/offer/737406938393.html,1.90,12,812.16,656.09
4233372699560729141,2025-02-15 18:44:17,义乌市旗佑电子商务有限公司,https://trade.1688.com/order/buyer_order_list.htm?tracelog=contact_company,D:/download./1688_files/O1CN01gJ8FgA1Bs2zHcAkmG_!!0-0-cib.80x80.jpg,https://detail.1688.com/offer/737406938393.html,1.90,16,812.16,656.09
4233372699560729141,2025-02-15 18:44:17,义乌市旗佑电子商务有限公司,https://trade.1688.com/order/buyer_order_list.htm?tracelog=contact_company,D:/download./1688_files/O1CN01reJRSv1Bs2zO5Z6RS_!!0-0-cib.80x80.jpg,https://detail.1688.com/offer/738196299568.html,2.30,16,812.16,656.09
4233372699560729141,2025-02-15 18:44:17,义乌市旗佑电子商务有限公司,https://trade.1688.com/order/buyer_order_list.htm?tracelog=contact_company,D:/download./1688_files/O1CN01uLNTg61Bs2zSAVfL9_!!0-0-cib.80x80.jpg,https://detail.1688.com/offer/738196299568.html,2.30,20,812.16,656.09
4233372699560729141,2025-02-15 18:44:17,义乌市旗佑电子商务有限公司,https://trade.1688.com/order/buyer_order_list.htm?tracelog=contact_company,D:/download./1688_files/O1CN01xm9u6V1Bs302mxqTU_!!0-0-cib.80x80.jpg,https://detail.1688.com/offer/742515942544.html,3.50,12,812.16,656.09
4233372699560729141,2025-02-15 18:44:17,义乌市旗佑电子商务有限公司,https://trade.1688.com/order/buyer_order_list.htm?tracelog=contact_company,D:/download./1688_files/O1CN01s3UWjL1Bs30doL3Xi_!!0-0-cib.80x80.jpg,https://detail.1688.com/offer/742515942544.html,3.50,16,812.16,656.09
4233372699560729141,2025-02-15 18:44:17,义乌市旗佑电子商务有限公司,https://trade.1688.com/order/buyer_order_list.htm?tracelog=contact_company,D:/download./1688_files/O1CN01w5mPWN1Bs31UKtU5K_!!0-0-cib.80x80.jpg,https://detail.1688.com/offer/758763887883.html,2.70,16,812.16,656.09
4233372699560729141,2025-02-15 18:44:17,义乌市旗佑电子商务有限公司,https://trade.1688.com/order/buyer_order_list.htm?tracelog=contact_company,D:/download./1688_files/O1CN012lZco11Bs31a7j98B_!!0-0-cib.80x80.jpg,https://detail.1688.com/offer/758763887883.html,2.70,20,812.16,656.09
4233372699560729141,2025-02-15 18:44:17,义乌市旗佑电子商务有限公司,https://trade.1688.com/order/buyer_order_list.htm?tracelog=contact_company,D:/download./1688_files/O1CN01T7Qxuf1Bs31LhBmVV_!!0-0-cib.80x80.jpg,https://detail.1688.com/offer/805824878936.html,2.52,16,812.16,656.09
4233372699560729141,2025-02-15 18:44:17,义乌市旗佑电子商务有限公司,https://trade.1688.com/order/buyer_order_list.htm?tracelog=contact_company,D:/download./1688_files/O1CN01g9XmUK1Bs31O3PMeG_!!0-0-cib.80x80.jpg,https://detail.1688.com/offer/805824878936.html,2.52,20,812.16,656.09
4233372699560729141,2025-02-15 18:44:17,义乌市旗佑电子商务有限公司,https://trade.1688.com/order/buyer_order_list.htm?tracelog=contact_company,D:/download./1688_files/O1CN01C6j8W31Bs31bj7N7s_!!0-0-cib.80x80.jpg,https://detail.1688.com/offer/810900246608.html,1.84,16,812.16,656.09
4233372699560729141,2025-02-15 18:44:17,义乌市旗佑电子商务有限公司,https://trade.1688.com/order/buyer_order_list.htm?tracelog=contact_company,D:/download./1688_files/O1CN013MuPyl1Bs31Z0GxZa_!!0-0-cib.80x80.jpg,https://detail.1688.com/offer/810900246608.html,1.84,20,812.16,656.09
4233372699560729141,2025-02-15 18:44:17,义乌市旗佑电子商务有限公司,https://trade.1688.com/order/buyer_order_list.htm?tracelog=contact_company,D:/download./1688_files/O1CN01iPsi2S1Bs30FauhJg_!!0-0-cib.80x80.jpg,https://detail.1688.com/offer/846594021508.html,2.31,12,812.16,656.09
4233372699560729141,2025-02-15 18:44:17,义乌市旗佑电子商务有限公司,https://trade.1688.com/order/buyer_order_list.htm?tracelog=contact_company,D:/download./1688_files/O1CN01ltsbVr1Bs30GSTGFq_!!0-0-cib.80x80.jpg,https://detail.1688.com/offer/846594021508.html,2.31,16,812.16,656.09
4233372699560729141,2025-02-15 18:44:17,义乌市旗佑电子商务有限公司,https://trade.1688.com/order/buyer_order_list.htm?tracelog=contact_company,D:/download./1688_files/O1CN01GM9cOF1Bs30yenzVM_!!0-0-cib.80x80.jpg,https://detail.1688.com/offer/857382611291.html,1.57,16,812.16,656.09
4233372699560729141,2025-02-15 18:44:17,义乌市旗佑电子商务有限公司,https://trade.1688.com/order/buyer_order_list.htm?tracelog=contact_company,D:/download./1688_files/O1CN010uBZRO1Bs30q7yn0s_!!0-0-cib.80x80.jpg,https://detail.1688.com/offer/857382611291.html,1.57,16,812.16,656.09
4230484634800729141,2025-02-13 11:53:57,保定尚咖商贸有限公司,https://trade.1688.com/order/buyer_order_list.htm?tracelog=contact_company,D:/download./1688_files/O1CN01wNhnxV1Bs325R6jS4_!!0-0-cib.80x80.jpg,https://detail.1688.com/offer/819740072485.html,34.00,8,,"1,350.00"
4230484634800729141,2025-02-13 11:53:57,保定尚咖商贸有限公司,https://trade.1688.com/order/buyer_order_list.htm?tracelog=contact_company,D:/download./1688_files/O1CN01Tdhs5v1Bs327ts825_!!0-0-cib.80x80.jpg,https://detail.1688.com/offer/819740072485.html,34.00,8,,"1,350.00"
4230484634800729141,2025-02-13 11:53:57,保定尚咖商贸有限公司,https://trade.1688.com/order/buyer_order_list.htm?tracelog=contact_company,D:/download./1688_files/O1CN01h3LjF71Bs3272g4b3_!!0-0-cib.80x80.jpg,https://detail.1688.com/offer/820521951738.html,32.00,8,,"1,350.00"
4230484634800729141,2025-02-13 11:53:57,保定尚咖商贸有限公司,https://trade.1688.com/order/buyer_order_list.htm?tracelog=contact_company,D:/download./1688_files/O1CN01zKHyHj1Bs325R6C9f_!!0-0-cib.80x80.jpg,https://detail.1688.com/offer/820521951738.html,32.00,8,,"1,350.00"
4230484634800729141,2025-02-13 11:53:57,保定尚咖商贸有限公司,https://trade.1688.com/order/buyer_order_list.htm?tracelog=contact_company,D:/download./1688_files/O1CN01DWverr1Bs31ax3HH6_!!0-0-cib.80x80.jpg,https://detail.1688.com/offer/868988331092.html,41.00,6,,"1,350.00"
